price,beds,property_type,url
325000,2,Terraced,https://www.rightmove.co.uk/properties/159448229#/?channel=RES_BUY
400000,2,End of Terrace,https://www.rightmove.co.uk/properties/161832677#/?channel=RES_BUY
400000,2,Flat,https://www.rightmove.co.uk/properties/159448235#/?channel=RES_BUY
410000,2,End of Terrace,https://www.rightmove.co.uk/properties/162982751#/?channel=RES_BUY
415000,2,Detached Bungalow,https://www.rightmove.co.uk/properties/161209856#/?channel=RES_BUY
429500,3,Terraced,https://www.rightmove.co.uk/properties/162811277#/?channel=RES_BUY
475000,2,Terraced,https://www.rightmove.co.uk/properties/162588632#/?channel=RES_BUY
475000,2,End of Terrace,https://www.rightmove.co.uk/properties/162747719#/?channel=RES_BUY
475000,2,House,https://www.rightmove.co.uk/properties/151006073#/?channel=RES_BUY
475000,2,Terraced,https://www.rightmove.co.uk/properties/143771264#/?channel=RES_BUY
475000,2,Terraced,https://www.rightmove.co.uk/properties/144681227#/?channel=RES_BUY
475000,3,Terraced,https://www.rightmove.co.uk/properties/159229577#/?channel=RES_BUY
495500,5,Terraced,https://www.rightmove.co.uk/properties/162520511#/?channel=RES_BUY
500000,2,Block of Apartments,https://www.rightmove.co.uk/properties/162981074#/?channel=RES_BUY
500000,2,Terraced,https://www.rightmove.co.uk/properties/158670842#/?channel=RES_BUY
500000,2,Terraced,https://www.rightmove.co.uk/properties/152511620#/?channel=RES_BUY
500000,2,Semi-Detached,https://www.rightmove.co.uk/properties/160239893#/?channel=RES_BUY
515000,4,Terraced,https://www.rightmove.co.uk/properties/155088776#/?channel=RES_BUY
525000,3,End of Terrace,https://www.rightmove.co.uk/properties/162864665#/?channel=RES_BUY
525000,2,Terraced,https://www.rightmove.co.uk/properties/72698702#/?channel=RES_BUY
525000,3,Terraced,https://www.rightmove.co.uk/properties/154826510#/?channel=RES_BUY
525000,3,House,https://www.rightmove.co.uk/properties/161938985#/?channel=RES_BUY
525000,2,Terraced,https://www.rightmove.co.uk/properties/162353075#/?channel=RES_BUY
525000,3,Terraced,https://www.rightmove.co.uk/properties/162543245#/?channel=RES_BUY
535000,2,Terraced,https://www.rightmove.co.uk/properties/162862358#/?channel=RES_BUY
535000,2,End of Terrace,https://www.rightmove.co.uk/properties/133496030#/?channel=RES_BUY
535000,3,Terraced,https://www.rightmove.co.uk/properties/154850012#/?channel=RES_BUY
540000,3,Terraced,https://www.rightmove.co.uk/properties/159066311#/?channel=RES_BUY
540000,3,Terraced,https://www.rightmove.co.uk/properties/151984181#/?channel=RES_BUY
540000,3,Terraced,https://www.rightmove.co.uk/properties/145807676#/?channel=RES_BUY
550000,3,End of Terrace,https://www.rightmove.co.uk/properties/161694227#/?channel=RES_BUY
550000,2,Terraced,https://www.rightmove.co.uk/properties/162774788#/?channel=RES_BUY
550000,2,Semi-Detached,https://www.rightmove.co.uk/properties/161861096#/?channel=RES_BUY
550000,2,Terraced,https://www.rightmove.co.uk/properties/162298499#/?channel=RES_BUY
550000,4,Terraced,https://www.rightmove.co.uk/properties/162317033#/?channel=RES_BUY
550000,3,Terraced,https://www.rightmove.co.uk/properties/155348171#/?channel=RES_BUY
575000,3,Terraced,https://www.rightmove.co.uk/properties/161661179#/?channel=RES_BUY
575000,3,Semi-Detached,https://www.rightmove.co.uk/properties/162681323#/?channel=RES_BUY
585000,3,Terraced,https://www.rightmove.co.uk/properties/157100990#/?channel=RES_BUY
595000,4,Semi-Detached,https://www.rightmove.co.uk/properties/160591622#/?channel=RES_BUY
600000,2,Terraced,https://www.rightmove.co.uk/properties/161371445#/?channel=RES_BUY
600000,3,Terraced,https://www.rightmove.co.uk/properties/160081034#/?channel=RES_BUY
600000,2,Terraced,https://www.rightmove.co.uk/properties/161974172#/?channel=RES_BUY
600000,3,Terraced,https://www.rightmove.co.uk/properties/158936402#/?channel=RES_BUY
600000,3,Terraced,https://www.rightmove.co.uk/properties/162225602#/?channel=RES_BUY
600000,3,Terraced,https://www.rightmove.co.uk/properties/158417957#/?channel=RES_BUY
600000,2,Terraced,https://www.rightmove.co.uk/properties/160626977#/?channel=RES_BUY
600000,2,Terraced,https://www.rightmove.co.uk/properties/161496998#/?channel=RES_BUY
600000,3,End of Terrace,https://www.rightmove.co.uk/properties/160651211#/?channel=RES_BUY
600000,3,Terraced,https://www.rightmove.co.uk/properties/162888347#/?channel=RES_BUY
615000,3,Terraced,https://www.rightmove.co.uk/properties/159236399#/?channel=RES_BUY
625000,3,Terraced,https://www.rightmove.co.uk/properties/162733661#/?channel=RES_BUY
625000,3,Terraced,https://www.rightmove.co.uk/properties/162107168#/?channel=RES_BUY
625000,3,Terraced,https://www.rightmove.co.uk/properties/147824912#/?channel=RES_BUY
625000,4,Terraced,https://www.rightmove.co.uk/properties/161932250#/?channel=RES_BUY
625000,3,Terraced,https://www.rightmove.co.uk/properties/162436859#/?channel=RES_BUY
635000,4,Semi-Detached,https://www.rightmove.co.uk/properties/160740866#/?channel=RES_BUY
645000,3,End of Terrace,https://www.rightmove.co.uk/properties/133496027#/?channel=RES_BUY
649995,3,Terraced,https://www.rightmove.co.uk/properties/154831565#/?channel=RES_BUY
650000,5,Terraced,https://www.rightmove.co.uk/properties/159953840#/?channel=RES_BUY
650000,3,Terraced,https://www.rightmove.co.uk/properties/162811187#/?channel=RES_BUY
650000,5,Terraced,https://www.rightmove.co.uk/properties/161084618#/?channel=RES_BUY
650000,3,Terraced,https://www.rightmove.co.uk/properties/153882860#/?channel=RES_BUY
650000,3,Terraced,https://www.rightmove.co.uk/properties/162256058#/?channel=RES_BUY
650000,3,Semi-Detached,https://www.rightmove.co.uk/properties/87160062#/?channel=RES_BUY
650000,2,Terraced,https://www.rightmove.co.uk/properties/163007858#/?channel=RES_BUY
650000,3,Terraced,https://www.rightmove.co.uk/properties/149411360#/?channel=RES_BUY
650000,2,Terraced,https://www.rightmove.co.uk/properties/161682734#/?channel=RES_BUY
650000,3,Terraced,https://www.rightmove.co.uk/properties/162807125#/?channel=RES_BUY
650000,3,Terraced,https://www.rightmove.co.uk/properties/162316088#/?channel=RES_BUY
650000,3,Terraced,https://www.rightmove.co.uk/properties/157577420#/?channel=RES_BUY
650000,3,Terraced,https://www.rightmove.co.uk/properties/159798359#/?channel=RES_BUY
650000,3,Terraced,https://www.rightmove.co.uk/properties/144249629#/?channel=RES_BUY
650000,4,Terraced,https://www.rightmove.co.uk/properties/162703796#/?channel=RES_BUY
650000,2,End of Terrace,https://www.rightmove.co.uk/properties/162343574#/?channel=RES_BUY
650000,3,Terraced,https://www.rightmove.co.uk/properties/160603439#/?channel=RES_BUY
675000,3,House,https://www.rightmove.co.uk/properties/152849372#/?channel=RES_BUY
675000,2,Terraced,https://www.rightmove.co.uk/properties/162719861#/?channel=RES_BUY
675000,3,Terraced,https://www.rightmove.co.uk/properties/160596314#/?channel=RES_BUY
675000,3,Terraced,https://www.rightmove.co.uk/properties/162738215#/?channel=RES_BUY
675000,2,Terraced,https://www.rightmove.co.uk/properties/162148076#/?channel=RES_BUY
675000,2,Terraced,https://www.rightmove.co.uk/properties/161624879#/?channel=RES_BUY
685000,3,Terraced,https://www.rightmove.co.uk/properties/158180966#/?channel=RES_BUY
690000,3,Terraced,https://www.rightmove.co.uk/properties/162293468#/?channel=RES_BUY
700000,4,House,https://www.rightmove.co.uk/properties/156233207#/?channel=RES_BUY
700000,5,Terraced,https://www.rightmove.co.uk/properties/159620975#/?channel=RES_BUY
700000,4,End of Terrace,https://www.rightmove.co.uk/properties/158270405#/?channel=RES_BUY
700000,5,Terraced,https://www.rightmove.co.uk/properties/158938277#/?channel=RES_BUY
700000,4,Terraced,https://www.rightmove.co.uk/properties/160158311#/?channel=RES_BUY
700000,4,Terraced,https://www.rightmove.co.uk/properties/162704507#/?channel=RES_BUY
700000,3,Terraced,https://www.rightmove.co.uk/properties/161786186#/?channel=RES_BUY
700000,3,End of Terrace,https://www.rightmove.co.uk/properties/162548798#/?channel=RES_BUY
700000,3,End of Terrace,https://www.rightmove.co.uk/properties/161810963#/?channel=RES_BUY
715000,3,House,https://www.rightmove.co.uk/properties/162514352#/?channel=RES_BUY
725000,4,House,https://www.rightmove.co.uk/properties/161368253#/?channel=RES_BUY
725000,3,Semi-Detached,https://www.rightmove.co.uk/properties/162906191#/?channel=RES_BUY
725000,5,Terraced,https://www.rightmove.co.uk/properties/162260507#/?channel=RES_BUY
725000,5,Terraced,https://www.rightmove.co.uk/properties/160705871#/?channel=RES_BUY
725000,3,Terraced,https://www.rightmove.co.uk/properties/159733964#/?channel=RES_BUY
750000,4,House,https://www.rightmove.co.uk/properties/162249260#/?channel=RES_BUY
750000,4,End of Terrace,https://www.rightmove.co.uk/properties/162642116#/?channel=RES_BUY
750000,5,Terraced,https://www.rightmove.co.uk/properties/155066774#/?channel=RES_BUY
750000,5,Terraced,https://www.rightmove.co.uk/properties/162520166#/?channel=RES_BUY
750000,4,End of Terrace,https://www.rightmove.co.uk/properties/161222372#/?channel=RES_BUY
750000,3,Terraced,https://www.rightmove.co.uk/properties/146307008#/?channel=RES_BUY
750000,4,Terraced,https://www.rightmove.co.uk/properties/162039794#/?channel=RES_BUY
750000,4,Terraced,https://www.rightmove.co.uk/properties/161661050#/?channel=RES_BUY
775000,5,Semi-Detached,https://www.rightmove.co.uk/properties/161223326#/?channel=RES_BUY
785000,3,Terraced,https://www.rightmove.co.uk/properties/162826856#/?channel=RES_BUY
795000,3,Terraced,https://www.rightmove.co.uk/properties/162736400#/?channel=RES_BUY
799995,3,Terraced,https://www.rightmove.co.uk/properties/39678759#/?channel=RES_BUY
800000,5,House,https://www.rightmove.co.uk/properties/161765639#/?channel=RES_BUY
800000,3,Terraced,https://www.rightmove.co.uk/properties/162528161#/?channel=RES_BUY
800000,4,Terraced,https://www.rightmove.co.uk/properties/157039532#/?channel=RES_BUY
800000,4,House,https://www.rightmove.co.uk/properties/133198058#/?channel=RES_BUY
800000,4,Terraced,https://www.rightmove.co.uk/properties/160248665#/?channel=RES_BUY
800000,5,End of Terrace,https://www.rightmove.co.uk/properties/161974040#/?channel=RES_BUY
800000,4,Terraced,https://www.rightmove.co.uk/properties/154847345#/?channel=RES_BUY
800000,5,Terraced,https://www.rightmove.co.uk/properties/162180992#/?channel=RES_BUY
825000,5,House,https://www.rightmove.co.uk/properties/162121853#/?channel=RES_BUY
825000,3,Terraced,https://www.rightmove.co.uk/properties/161495684#/?channel=RES_BUY
825000,4,Terraced,https://www.rightmove.co.uk/properties/162867458#/?channel=RES_BUY
825000,3,Terraced,https://www.rightmove.co.uk/properties/161974373#/?channel=RES_BUY
845000,3,Terraced,https://www.rightmove.co.uk/properties/157861823#/?channel=RES_BUY
850000,4,House,https://www.rightmove.co.uk/properties/155865269#/?channel=RES_BUY
850000,4,House,https://www.rightmove.co.uk/properties/152358581#/?channel=RES_BUY
850000,4,End of Terrace,https://www.rightmove.co.uk/properties/87157308#/?channel=RES_BUY
850000,6,Terraced,https://www.rightmove.co.uk/properties/151397606#/?channel=RES_BUY
850000,4,Terraced,https://www.rightmove.co.uk/properties/143065199#/?channel=RES_BUY
850000,4,Terraced,https://www.rightmove.co.uk/properties/162908939#/?channel=RES_BUY
860000,4,Terraced,https://www.rightmove.co.uk/properties/155285036#/?channel=RES_BUY
875000,5,Terraced,https://www.rightmove.co.uk/properties/161548349#/?channel=RES_BUY
875000,4,House,https://www.rightmove.co.uk/properties/162582815#/?channel=RES_BUY
880000,4,Semi-Detached,https://www.rightmove.co.uk/properties/162371057#/?channel=RES_BUY
900000,5,Terraced,https://www.rightmove.co.uk/properties/160301462#/?channel=RES_BUY
900000,4,Terraced,https://www.rightmove.co.uk/properties/160554965#/?channel=RES_BUY
900000,4,House,https://www.rightmove.co.uk/properties/162480296#/?channel=RES_BUY
900000,3,Terraced,https://www.rightmove.co.uk/properties/160883840#/?channel=RES_BUY
900000,5,Terraced,https://www.rightmove.co.uk/properties/161505053#/?channel=RES_BUY
900000,6,Terraced,https://www.rightmove.co.uk/properties/162039671#/?channel=RES_BUY
900000,5,Terraced,https://www.rightmove.co.uk/properties/160942637#/?channel=RES_BUY
900000,5,Terraced,https://www.rightmove.co.uk/properties/156518198#/?channel=RES_BUY
900000,5,Terraced,https://www.rightmove.co.uk/properties/162898055#/?channel=RES_BUY
900000,4,Terraced,https://www.rightmove.co.uk/properties/162110162#/?channel=RES_BUY
925000,5,House,https://www.rightmove.co.uk/properties/162576830#/?channel=RES_BUY
925000,4,House,https://www.rightmove.co.uk/properties/148464488#/?channel=RES_BUY
925000,4,Terraced,https://www.rightmove.co.uk/properties/163007864#/?channel=RES_BUY
925000,3,End of Terrace,https://www.rightmove.co.uk/properties/161948846#/?channel=RES_BUY
950000,5,Terraced,https://www.rightmove.co.uk/properties/158260880#/?channel=RES_BUY
950000,6,End of Terrace,https://www.rightmove.co.uk/properties/160777289#/?channel=RES_BUY
975000,4,Terraced,https://www.rightmove.co.uk/properties/162413114#/?channel=RES_BUY
975000,5,End of Terrace,https://www.rightmove.co.uk/properties/160104353#/?channel=RES_BUY
975000,4,Terraced,https://www.rightmove.co.uk/properties/160244285#/?channel=RES_BUY
995000,4,Terraced Bungalow,https://www.rightmove.co.uk/properties/158003792#/?channel=RES_BUY
1000000,5,Semi-Detached,https://www.rightmove.co.uk/properties/159758096#/?channel=RES_BUY
1000000,5,House,https://www.rightmove.co.uk/properties/153454055#/?channel=RES_BUY
1000000,5,Terraced,https://www.rightmove.co.uk/properties/162689336#/?channel=RES_BUY
1050000,5,Terraced,https://www.rightmove.co.uk/properties/157409360#/?channel=RES_BUY
1050000,3,Detached,https://www.rightmove.co.uk/properties/162688310#/?channel=RES_BUY
1050000,6,End of Terrace,https://www.rightmove.co.uk/properties/160192667#/?channel=RES_BUY
1100000,4,Block of Apartments,https://www.rightmove.co.uk/properties/151075517#/?channel=RES_BUY
1100000,3,End of Terrace,https://www.rightmove.co.uk/properties/162829079#/?channel=RES_BUY
1150000,4,Terraced,https://www.rightmove.co.uk/properties/161794991#/?channel=RES_BUY
1150000,4,Terraced,https://www.rightmove.co.uk/properties/154876172#/?channel=RES_BUY
1150000,3,Semi-Detached,https://www.rightmove.co.uk/properties/160562138#/?channel=RES_BUY
1200000,5,Terraced,https://www.rightmove.co.uk/properties/161184191#/?channel=RES_BUY
1200000,5,Terraced,https://www.rightmove.co.uk/properties/161218814#/?channel=RES_BUY
1200000,5,Terraced,https://www.rightmove.co.uk/properties/151465007#/?channel=RES_BUY
1500000,4,Semi-Detached,https://www.rightmove.co.uk/properties/157282937#/?channel=RES_BUY
1500000,5,Terraced,https://www.rightmove.co.uk/properties/159741611#/?channel=RES_BUY
1500000,5,Detached,https://www.rightmove.co.uk/properties/162054608#/?channel=RES_BUY
1550000,5,House,https://www.rightmove.co.uk/properties/160362641#/?channel=RES_BUY
1700000,8,Block of Apartments,https://www.rightmove.co.uk/properties/152546732#/?channel=RES_BUY
2500000,16,Land,https://www.rightmove.co.uk/properties/162119180#/?channel=COM_BUY
