price,beds,url
90000,1,https://www.rightmove.co.uk/properties/161401040#/?channel=RES_BUY
325000,2,https://www.rightmove.co.uk/properties/159448229#/?channel=RES_BUY
350000,1,https://www.rightmove.co.uk/properties/161436989#/?channel=RES_BUY
350000,1,https://www.rightmove.co.uk/properties/161435510#/?channel=RES_BUY
350000,1,https://www.rightmove.co.uk/properties/161435945#/?channel=RES_BUY
375000,2,https://www.rightmove.co.uk/properties/156233144#/?channel=RES_BUY
400000,2,https://www.rightmove.co.uk/properties/161832677#/?channel=RES_BUY
400000,1,https://www.rightmove.co.uk/properties/149354966#/?channel=RES_BUY
400000,2,https://www.rightmove.co.uk/properties/159448235#/?channel=RES_BUY
425000,2,https://www.rightmove.co.uk/properties/161209856#/?channel=RES_BUY
475000,3,https://www.rightmove.co.uk/properties/159229577#/?channel=RES_BUY
475000,2,https://www.rightmove.co.uk/properties/143771264#/?channel=RES_BUY
500000,2,https://www.rightmove.co.uk/properties/152511620#/?channel=RES_BUY
500000,2,https://www.rightmove.co.uk/properties/161594177#/?channel=RES_BUY
500000,2,https://www.rightmove.co.uk/properties/161248091#/?channel=RES_BUY
500000,2,https://www.rightmove.co.uk/properties/160239893#/?channel=RES_BUY
500000,2,https://www.rightmove.co.uk/properties/158670842#/?channel=RES_BUY
515000,4,https://www.rightmove.co.uk/properties/155088776#/?channel=RES_BUY
525000,3,https://www.rightmove.co.uk/properties/154826510#/?channel=RES_BUY
525000,3,https://www.rightmove.co.uk/properties/158550629#/?channel=RES_BUY
525000,2,https://www.rightmove.co.uk/properties/72698702#/?channel=RES_BUY
528500,5,https://www.rightmove.co.uk/properties/161974280#/?channel=RES_BUY
535000,2,https://www.rightmove.co.uk/properties/133496030#/?channel=RES_BUY
535000,3,https://www.rightmove.co.uk/properties/154850012#/?channel=RES_BUY
540000,3,https://www.rightmove.co.uk/properties/159066311#/?channel=RES_BUY
540000,3,https://www.rightmove.co.uk/properties/145807676#/?channel=RES_BUY
540000,3,https://www.rightmove.co.uk/properties/151984181#/?channel=RES_BUY
550000,3,https://www.rightmove.co.uk/properties/162095993#/?channel=RES_BUY
550000,2,https://www.rightmove.co.uk/properties/161861096#/?channel=RES_BUY
550000,2,https://www.rightmove.co.uk/properties/157950233#/?channel=RES_BUY
550000,3,https://www.rightmove.co.uk/properties/161237183#/?channel=RES_BUY
550000,3,https://www.rightmove.co.uk/properties/161938985#/?channel=RES_BUY
550000,3,https://www.rightmove.co.uk/properties/155348171#/?channel=RES_BUY
575000,5,https://www.rightmove.co.uk/properties/161195561#/?channel=RES_BUY
575000,3,https://www.rightmove.co.uk/properties/161661179#/?channel=RES_BUY
575000,2,https://www.rightmove.co.uk/properties/161718821#/?channel=RES_BUY
585000,3,https://www.rightmove.co.uk/properties/157100990#/?channel=RES_BUY
600000,2,https://www.rightmove.co.uk/properties/162023402#/?channel=RES_BUY
600000,3,https://www.rightmove.co.uk/properties/161233445#/?channel=RES_BUY
600000,3,https://www.rightmove.co.uk/properties/158936402#/?channel=RES_BUY
600000,2,https://www.rightmove.co.uk/properties/161974172#/?channel=RES_BUY
600000,2,https://www.rightmove.co.uk/properties/160626977#/?channel=RES_BUY
600000,3,https://www.rightmove.co.uk/properties/160651211#/?channel=RES_BUY
600000,3,https://www.rightmove.co.uk/properties/161694227#/?channel=RES_BUY
615000,3,https://www.rightmove.co.uk/properties/159236399#/?channel=RES_BUY
625000,3,https://www.rightmove.co.uk/properties/161732465#/?channel=RES_BUY
625000,3,https://www.rightmove.co.uk/properties/147824912#/?channel=RES_BUY
625000,3,https://www.rightmove.co.uk/properties/154301441#/?channel=RES_BUY
625000,4,https://www.rightmove.co.uk/properties/161932250#/?channel=RES_BUY
625000,2,https://www.rightmove.co.uk/properties/161496998#/?channel=RES_BUY
645000,3,https://www.rightmove.co.uk/properties/133496027#/?channel=RES_BUY
649995,3,https://www.rightmove.co.uk/properties/154831565#/?channel=RES_BUY
650000,3,https://www.rightmove.co.uk/properties/149411360#/?channel=RES_BUY
650000,3,https://www.rightmove.co.uk/properties/161794448#/?channel=RES_BUY
650000,5,https://www.rightmove.co.uk/properties/161084618#/?channel=RES_BUY
650000,3,https://www.rightmove.co.uk/properties/158670167#/?channel=RES_BUY
650000,5,https://www.rightmove.co.uk/properties/159953840#/?channel=RES_BUY
650000,3,https://www.rightmove.co.uk/properties/159932021#/?channel=RES_BUY
650000,3,https://www.rightmove.co.uk/properties/157577420#/?channel=RES_BUY
650000,2,https://www.rightmove.co.uk/properties/161682734#/?channel=RES_BUY
650000,3,https://www.rightmove.co.uk/properties/161565749#/?channel=RES_BUY
650000,4,https://www.rightmove.co.uk/properties/160158311#/?channel=RES_BUY
650000,3,https://www.rightmove.co.uk/properties/153882860#/?channel=RES_BUY
650000,3,https://www.rightmove.co.uk/properties/144249629#/?channel=RES_BUY
650000,2,https://www.rightmove.co.uk/properties/161371445#/?channel=RES_BUY
650000,3,https://www.rightmove.co.uk/properties/159798359#/?channel=RES_BUY
660000,4,https://www.rightmove.co.uk/properties/160591622#/?channel=RES_BUY
660000,4,https://www.rightmove.co.uk/properties/160740866#/?channel=RES_BUY
675000,3,https://www.rightmove.co.uk/properties/160596314#/?channel=RES_BUY
675000,3,https://www.rightmove.co.uk/properties/158998439#/?channel=RES_BUY
675000,4,https://www.rightmove.co.uk/properties/161409896#/?channel=RES_BUY
675000,3,https://www.rightmove.co.uk/properties/152849372#/?channel=RES_BUY
685000,3,https://www.rightmove.co.uk/properties/158180966#/?channel=RES_BUY
700000,5,https://www.rightmove.co.uk/properties/157411979#/?channel=RES_BUY
700000,3,https://www.rightmove.co.uk/properties/161786186#/?channel=RES_BUY
700000,5,https://www.rightmove.co.uk/properties/159620975#/?channel=RES_BUY
700000,4,https://www.rightmove.co.uk/properties/160211627#/?channel=RES_BUY
700000,3,https://www.rightmove.co.uk/properties/160603439#/?channel=RES_BUY
700000,3,https://www.rightmove.co.uk/properties/159447449#/?channel=RES_BUY
700000,4,https://www.rightmove.co.uk/properties/158270405#/?channel=RES_BUY
700000,4,https://www.rightmove.co.uk/properties/161806451#/?channel=RES_BUY
700000,5,https://www.rightmove.co.uk/properties/156545048#/?channel=RES_BUY
700000,3,https://www.rightmove.co.uk/properties/158905838#/?channel=RES_BUY
700000,4,https://www.rightmove.co.uk/properties/161540327#/?channel=RES_BUY
700000,3,https://www.rightmove.co.uk/properties/161810963#/?channel=RES_BUY
700000,2,https://www.rightmove.co.uk/properties/161624879#/?channel=RES_BUY
700000,3,https://www.rightmove.co.uk/properties/161496623#/?channel=RES_BUY
700000,4,https://www.rightmove.co.uk/properties/156233207#/?channel=RES_BUY
700000,5,https://www.rightmove.co.uk/properties/158938277#/?channel=RES_BUY
705000,5,https://www.rightmove.co.uk/properties/154216946#/?channel=RES_BUY
705000,5,https://www.rightmove.co.uk/properties/156767915#/?channel=RES_BUY
725000,3,https://www.rightmove.co.uk/properties/161715260#/?channel=RES_BUY
750000,5,https://www.rightmove.co.uk/properties/160705871#/?channel=RES_BUY
750000,3,https://www.rightmove.co.uk/properties/146307008#/?channel=RES_BUY
750000,5,https://www.rightmove.co.uk/properties/155066774#/?channel=RES_BUY
750000,4,https://www.rightmove.co.uk/properties/161368253#/?channel=RES_BUY
750000,4,https://www.rightmove.co.uk/properties/161222372#/?channel=RES_BUY
775000,3,https://www.rightmove.co.uk/properties/162090476#/?channel=RES_BUY
775000,5,https://www.rightmove.co.uk/properties/161223326#/?channel=RES_BUY
775000,4,https://www.rightmove.co.uk/properties/159466703#/?channel=RES_BUY
775000,4,https://www.rightmove.co.uk/properties/162039794#/?channel=RES_BUY
775000,4,https://www.rightmove.co.uk/properties/154518644#/?channel=RES_BUY
775000,4,https://www.rightmove.co.uk/properties/157950863#/?channel=RES_BUY
799995,3,https://www.rightmove.co.uk/properties/39678759#/?channel=RES_BUY
800000,4,https://www.rightmove.co.uk/properties/157039532#/?channel=RES_BUY
800000,5,https://www.rightmove.co.uk/properties/161974040#/?channel=RES_BUY
800000,6,https://www.rightmove.co.uk/properties/156274016#/?channel=RES_BUY
800000,4,https://www.rightmove.co.uk/properties/154847345#/?channel=RES_BUY
800000,5,https://www.rightmove.co.uk/properties/161765639#/?channel=RES_BUY
825000,3,https://www.rightmove.co.uk/properties/161495684#/?channel=RES_BUY
825000,3,https://www.rightmove.co.uk/properties/161974373#/?channel=RES_BUY
845000,3,https://www.rightmove.co.uk/properties/157861823#/?channel=RES_BUY
850000,4,https://www.rightmove.co.uk/properties/160651316#/?channel=RES_BUY
850000,5,https://www.rightmove.co.uk/properties/138579374#/?channel=RES_BUY
850000,4,https://www.rightmove.co.uk/properties/143065199#/?channel=RES_BUY
850000,5,https://www.rightmove.co.uk/properties/160369634#/?channel=RES_BUY
850000,3,https://www.rightmove.co.uk/properties/159392867#/?channel=RES_BUY
850000,3,https://www.rightmove.co.uk/properties/153730319#/?channel=RES_BUY
850000,4,https://www.rightmove.co.uk/properties/152358581#/?channel=RES_BUY
850000,4,https://www.rightmove.co.uk/properties/155865269#/?channel=RES_BUY
850000,4,https://www.rightmove.co.uk/properties/133198058#/?channel=RES_BUY
850000,6,https://www.rightmove.co.uk/properties/151397606#/?channel=RES_BUY
850000,4,https://www.rightmove.co.uk/properties/160248665#/?channel=RES_BUY
875000,5,https://www.rightmove.co.uk/properties/161548349#/?channel=RES_BUY
900000,4,https://www.rightmove.co.uk/properties/161630228#/?channel=RES_BUY
900000,3,https://www.rightmove.co.uk/properties/160883840#/?channel=RES_BUY
900000,5,https://www.rightmove.co.uk/properties/161505053#/?channel=RES_BUY
900000,5,https://www.rightmove.co.uk/properties/160942637#/?channel=RES_BUY
900000,5,https://www.rightmove.co.uk/properties/160301462#/?channel=RES_BUY
900000,5,https://www.rightmove.co.uk/properties/156518198#/?channel=RES_BUY
900000,6,https://www.rightmove.co.uk/properties/162039671#/?channel=RES_BUY
925000,3,https://www.rightmove.co.uk/properties/161948846#/?channel=RES_BUY
925000,4,https://www.rightmove.co.uk/properties/148464488#/?channel=RES_BUY
950000,4,https://www.rightmove.co.uk/properties/160172831#/?channel=RES_BUY
950000,4,https://www.rightmove.co.uk/properties/160554965#/?channel=RES_BUY
950000,6,https://www.rightmove.co.uk/properties/161398457#/?channel=RES_BUY
950000,5,https://www.rightmove.co.uk/properties/158260880#/?channel=RES_BUY
950000,6,https://www.rightmove.co.uk/properties/160777289#/?channel=RES_BUY
975000,5,https://www.rightmove.co.uk/properties/160104353#/?channel=RES_BUY
995000,4,https://www.rightmove.co.uk/properties/158003792#/?channel=RES_BUY
1000000,5,https://www.rightmove.co.uk/properties/161794418#/?channel=RES_BUY
1000000,5,https://www.rightmove.co.uk/properties/159758096#/?channel=RES_BUY
1000000,4,https://www.rightmove.co.uk/properties/160756394#/?channel=RES_BUY
1000000,5,https://www.rightmove.co.uk/properties/161763392#/?channel=RES_BUY
1050000,6,https://www.rightmove.co.uk/properties/160192667#/?channel=RES_BUY
1050000,4,https://www.rightmove.co.uk/properties/161405171#/?channel=RES_BUY
1050000,3,https://www.rightmove.co.uk/properties/161491916#/?channel=RES_BUY
1075000,5,https://www.rightmove.co.uk/properties/161590859#/?channel=RES_BUY
1100000,4,https://www.rightmove.co.uk/properties/151075517#/?channel=RES_BUY
1150000,4,https://www.rightmove.co.uk/properties/161794991#/?channel=RES_BUY
1150000,3,https://www.rightmove.co.uk/properties/160562138#/?channel=RES_BUY
1200000,5,https://www.rightmove.co.uk/properties/151465007#/?channel=RES_BUY
1200000,5,https://www.rightmove.co.uk/properties/161218814#/?channel=RES_BUY
1200000,5,https://www.rightmove.co.uk/properties/161184191#/?channel=RES_BUY
1250000,3,https://www.rightmove.co.uk/properties/156131879#/?channel=RES_BUY
1300000,5,https://www.rightmove.co.uk/properties/161321567#/?channel=RES_BUY
1350000,4,https://www.rightmove.co.uk/properties/160782347#/?channel=RES_BUY
1500000,5,https://www.rightmove.co.uk/properties/162054608#/?channel=RES_BUY
1500000,4,https://www.rightmove.co.uk/properties/157282937#/?channel=RES_BUY
1600000,5,https://www.rightmove.co.uk/properties/160362641#/?channel=RES_BUY
1700000,8,https://www.rightmove.co.uk/properties/152546732#/?channel=RES_BUY
